ID,pred01,pred02,pred03,pred04,pred05,pred06,pred07,class01,class02
0001,12177002,15.3636544,2914.5251691717654,519.1220692356468,28.637770443984667,825.8105677063426,3.6552872336853324,1,1
0004,7646914,16.19803215,2897.555949290631,513.1996948765642,67.07285880222722,2025.5693834420586,9.324968966015714,1,2
0006,14018536,9.22839641,4610.928186895072,829.5258560910767,0.2713392242940245,1.8243326620107667,0,3,0
0013,11083451,11.6352781,3148.3944854499955,563.979244750265,24.68654716553723,888.5560729148211,3.9160986446547565,2,1
0014,9203570,12.43225456,3414.348856879438,616.0588446213546,5.8520606998103375,1.4751338452021239,0,3,0
0015,8833882,11.38844159,3212.946222592512,589.7123280413762,0.6949231291799676,4.285932136771418,0,3,0
0018,7691159,11.2542934,3006.1027298490208,536.5281710519812,37.58051748556575,854.3957896168973,3.404692449705035,1,2
0021,11233484,8.98827044,3139.5103380375153,563.8309157240365,0.392650913119385,2.5643129862804814,0,2,0
0022,10929715,13.3632281,3400.1639446112404,626.5909085690288,0.4929216699817305,4.1613719356959935,0,3,0
0023,12216059,7.01057852,3173.85316099611,565.7356539886534,0.4391993265205311,2.9405370980149597,0,2,0
0024,8209798,6.25671931,2997.296087548503,537.5977096502188,15.622115859827034,388.1824476415486,1.523366590341683,1,1
0026,13731050,13.79651939,2717.3997672848373,481.3892484517427,64.27701941680817,1520.3003535508726,7.095899114236205,NA,NA
0027,13932670,13.79651939,2827.9733222511086,505.2082529037067,50.8350293974486,1118.2937016054595,5.193995960992021,NA,NA
0032,6280932,7.52852046,3045.00146792382,540.5907171113857,22.84071143674701,553.6396873801259,2.186120067217734,1,1
0037,8596423,17.72447889,3150.522150721274,559.2605142420565,1.9408528298392393,21.96751746445344,0,2,0
0046,8775458,5.4509668,3159.870078286948,558.1518425545362,3.0416958131496123,15.022838475816949,0,2,0
0047,5841147,12.84424969,3188.9056918442457,564.7497763586358,30.141847334191198,677.0910278465846,2.5788852366426465,2,1
0049,10177206,11.88676701,3154.81967922661,567.7332302889687,0.5261760464035086,3.170506036637321,0,2,0
0051,9307265,17.6115766,3170.178634449333,563.1417830603806,2.385646917312047,19.090730060827113,0,2,0
0052,8819307,8.21017203,3135.258123205904,554.8295386109211,2.0190332235155966,15.4115271746485,0,2,0
0053,8430427,8.17770427,3174.224219599104,561.9956540757614,5.633383016934136,81.69595644025732,0.09845952656375201,2,0
0056,8635032,5.29387909,2982.8615254874435,530.3958571845034,23.419397897372992,548.7649350432149,2.1623804894973335,1,1
0059,7276108,14.83866585,2963.227322130666,533.4914237452969,0.25186296844869416,1.337996835305537,0,1,0
0060,8752357,13.40019696,3160.0903759534995,566.2550999907974,1.174158981652892,9.653767183996797,0,2,0
0061,9274509,12.37496381,3163.781034017347,561.7659539312486,30.068427541934472,793.9503870883058,3.49042345192329,2,1
0063,7766433,13.47657446,3190.3363774020772,563.4768279984808,0.8414628256911594,6.292430605475922,0,2,0
0064,8800926,15.14713995,2914.0283061020245,516.958037748495,24.955629606925726,761.1323152347949,3.143621474405131,1,1
0065,7240880,16.71308942,3103.345787852507,552.2019153465789,1.1278749533499186,5.902394960108628,0,1,0
0067,7533252,16.87345976,2282.556608041715,404.8431710049526,0.46566660832727613,2.538789187538219,0,1,0
0072,9454329,15.95767506,2811.8385027635945,488.449335939316,0.5910918736161125,3.3681176800015056,0,1,0
0074,8681264,15.06665722,2894.5674050423077,512.3092995481838,0.6932712280231401,4.615107441640128,0,1,0
0075,8283274,22.40237385,3052.376898160869,517.0573319754368,1.980466067313395,18.149580927248927,0,1,0
0078,7988830,17.67188547,3211.0563110318294,573.3176728623797,34.383373132535574,904.2320323607901,3.834716317828389,2,1
0079,5595512,7.72412994,3017.516721461572,541.7607823533041,46.70352594986639,1192.3715693544348,4.955557930419553,1,2
0080,12410778,5.25753076,3124.0335493104067,557.400765410295,0.7852380541856576,7.751976264453274,0,2,0
0081,2175246,6.01749036,3361.3174071972962,581.8550193195168,32.65194533837345,142.6388118535276,0,1,1
0082,10798706,6.01749036,3050.9342727234616,536.2709128287165,14.624473700040692,399.8781061636636,1.6026035181572587,1,1
0084,6672624,14.25648126,3138.7045119170252,566.7021328543497,3.5204442857052447,23.42224282823945,0,2,0
0085,6863249,7.31230197,3163.58091741885,567.1774189104707,1.3186611915037187,6.175108883146026,0,2,0
0087,7195511,12.49983999,3176.625994106807,564.9443565501259,0.15850922492778588,0.6957176518967362,0,2,0
0090,10110944,13.96039991,3146.8502167192964,560.8607902224436,0.3144257937338402,2.5421524743755404,0,2,0
0092,10180628,12.50683098,3143.1237192716612,564.9985174700691,28.91007462031397,746.0511190622716,3.1695749493676244,2,1
0093,6241648,15.69548213,2936.7359203856213,513.4875239180836,2.1682152019937986,11.359149311867105,0,1,0
0095,8468253,16.39102067,2877.4738999293454,509.2826577449586,0.35019325474685914,1.8398440643955225,0,1,0
0099,7552948,12.07470573,3192.4660088467263,570.1640486687344,32.87893011296072,673.6591020373637,2.7008523291606332,2,1
0101,6200488,9.01080311,3354.923018710791,601.1052361023387,1.2315916828060736,5.124672460489088,0,3,0
0103,10075615,9.96302521,3144.0544541728814,561.8548413998881,0.6365998189358623,2.6868300180287945,0,NA,NA
0105,5817241,9.93259902,3357.3952244448906,619.4097658346554,1.4840199012467001,11.2805509078675,0,3,0
0108,7334253,16.72688315,2939.6498562618535,506.80324144279496,0.18904169091086193,0.7132702088120564,0,1,0
0110,30248617,14.89050119,2925.509758835693,515.6881555314193,0.5823773506681826,8.264907407288426,0,1,0
0115,5840269,9.45026039,2962.691309698754,523.3342940905521,74.40658658206591,1554.536079774754,6.761953630541535,1,2
0117,8081839,12.6851997,3163.5587718432475,562.9810951129203,3.420803298235724,38.25290371017711,0,2,0
0118,7211517,6.03367069,2991.7722637097168,535.5508182658061,26.544854241227608,627.5080563487172,2.471658784340529,1,1
0119,8731709,8.86394431,2954.239096978867,525.5902254559896,37.22912356392509,638.0835057150498,2.548462905187784,1,1
0121,6122617,4.9392369,3020.096224471421,547.415686470308,23.99796687383818,514.2864169201875,1.8278237622236024,1,1
0122,7059874,12.32971691,3204.0622727933655,561.9916421862424,0.5006950619350022,2.6456059953310196,0,2,0
0125,6784807,11.07536073,3025.2314897752835,537.2830843403702,16.346070836738306,430.6780646314156,1.6141393115814167,1,1
0126,8978189,5.60172494,3136.3702961574218,556.6457579309963,9.723255871513434,198.739937776614,0.5895939931034999,1,1
0129,6610627,14.2730762,2973.4722902343347,526.6180841368569,27.493028816882518,700.1696337895366,2.792903517978667,1,1
0130,8760550,15.5746917,2952.867072943842,515.0667231196063,0.4724786278647911,3.0567029490220965,0,1,0
0131,8324010,11.12809447,2921.151235107662,519.1225322390814,31.42662717928034,852.6680719408264,3.7221364526050102,1,1
0132,10856944,5.90748505,3084.2732838917964,549.3145160798472,14.305652551471722,309.45050830608636,1.1868269204773862,1,1
0134,6762867,28.29296285,3227.055470947195,575.5318652620992,59.31782330969066,1414.5407530631364,6.318334021216042,2,1
0137,7110015,13.17268294,3161.230762440856,562.1714532347994,40.07351367068256,1028.933071542883,4.482673247110916,2,1
0138,11949809,5.52016315,3097.4762954324815,552.5814633138398,2.590474911997192,13.76362984398548,0,2,0
0139,11220786,12.34657258,2887.071483263814,519.7842442246633,39.02030860398129,981.2312303437327,4.391395264061759,1,1
0143,10722340,10.15746061,2983.4200509823095,528.7969700123133,33.438804447213606,697.6036562637686,3.004269811152093,1,1
0144,8666622,4.62959945,3115.8884365133677,559.2666063013082,0.37061084013744056,3.2422564245944328,0,2,0
0145,11963118,5.7267591,3074.7744231901324,547.3062741540172,14.034176730522447,306.44037193993813,1.1231520650543092,1,1
0149,8228972,12.9137328,3022.276583129643,535.4836003748286,17.394004878514064,452.4839231837725,1.813982389462319,1,1
0153,9353024,5.62810391,3079.5843613036714,545.2274974249863,10.472772766669689,275.2826399553869,1.0386186903576988,1,1
0155,13530320,12.26257811,3126.7369980859203,564.4081369239464,0.46193199618374436,5.973173152149169,0,2,0
0161,8642246,12.72586056,2937.5268299596128,524.2424605629536,35.90246761916517,955.4180630699508,4.221036914867803,1,1
0165,9035378,9.25288752,3342.607768862351,600.7607597492165,1.7979443628954381,9.670116116220969,0,3,0
0166,7732558,10.82024476,2890.684342986488,515.598168438206,37.077450382361235,845.8095549301905,3.5146965832208705,1,1
0167,8243329,7.06208526,2981.744090923754,533.6094225435355,19.733528691649155,476.2066831259197,1.8778446975456404,1,1
0171,8006188,11.35480642,2874.699669057822,519.2631277178039,35.444779352967345,805.1390196306883,3.2646805526396667,1,1
0173,7632554,24.39656869,2757.7692983289908,495.3229194085726,117.09169867093293,3008.3713266620716,14.069452574963984,1,2
0174,7930141,8.08285242,3022.7775895970644,538.2954362966461,21.9470433960671,555.869981849389,2.367467060485631,1,1
0175,8329802,8.63224967,3035.698890467952,540.3816368732805,15.54955643763571,366.13500817388456,1.4323240391567604,1,1
0176,9352653,11.04200906,3173.689084473504,565.4214738894649,0.25006841984852646,1.5140023990872282,0,2,0
0179,5027007,0.102206758,3177.845722242849,568.54084384743,1.2614508315935027,1.7504785143288621,0,2,0
0182,10553550,0.052487211,3158.1592090091835,563.5898847692822,0.4797517373574362,2.936705192068843,0,2,0
0183,7938283,0.066595999,3049.408579930832,545.2205803368687,18.72368883430686,462.2303619246286,1.8291932161304028,1,1
0184,7245653,0.068282235,3138.7019412667314,562.2042707492699,10.202705051683875,178.94463656674202,0.5281688236764236,1,1
0185,8998190,0.065063339,3042.147742830816,537.9882065154579,13.351724460094117,338.3847406938996,1.2689424903154123,1,1
0186,8195401,0.069387863,3224.4521109273496,570.051116163984,0.3690772266445253,1.7114960408861983,0,2,0
0191,17025530,0.048882222,3109.4966483609755,558.2577908968565,1.0438027275610406,12.150694413673905,0,2,0
0193,5955565,0.065540529,3205.4149882361367,576.2843002103708,0.34521296997891426,1.987366530660235,0,2,0
0194,10205963,0.059314231,3115.7461383452423,558.9045812782,2.6302203188015496,19.125080157462765,0,2,0
0197,8654489,0.099579775,3003.8554973593536,534.8008594470041,24.642827820725106,549.4394870480343,2.279785690643126,1,1
0202,7115315,0.108212093,3166.99669047458,559.0757219844223,0.5809581422447349,3.1951078156425736,0,2,0
0204,10178979,0.097940327,3158.846046669541,563.6363685982429,0.39132182215909544,2.039527999846644,0,2,0
0205,7656308,0.076359546,2983.9666068141705,528.8671682221826,25.084337517836897,642.069492290925,2.5871723267374227,1,1
0206,8123256,0.112513814,3132.1935423135105,555.6310348934524,3.0819641029785223,26.45103875655257,0,2,0
0207,9253127,0.084207203,2904.776359025061,512.468568720873,32.187083535784225,842.5425055773145,3.662890634259249,1,1
0209,10635678,0.048493193,3165.05900273053,562.4432755679145,0.5424664666685349,4.936688110188149,0,2,0
0210,7822116,0.112417747,2840.535655580354,505.0162663411926,36.63418744101648,929.2266908531767,4.141103469341644,1,1
0213,6839607,0.029153928,3163.72391891503,561.3463427550109,1.5062713442477131,3.5136315275220817,0,2,0
0214,8493061,0.058800999,3032.65312760363,541.0503372909498,20.40483390838131,368.4398381278676,1.3831042451625093,1,1
0215,9978949,0.085434331,3018.421896075425,535.2829132764754,17.950970239004864,450.1207392442105,1.792804265634717,1,1
0216,8954245,0.088462637,3176.4406763332327,574.0492272714879,0.9576126103749084,5.962006176091714,0,2,0
0220,8428501,0.094574064,3014.8335132552666,537.9155239460031,21.30683341089797,466.3692934903874,1.8371401678936112,1,1
0222,8670213,0.108522241,3160.456492813026,564.0769991587761,0.4512019298816535,3.208807838898576,0,2,0
0224,7767222,0.172599519,2815.776650554361,499.39524928503585,46.14146025818173,1076.8109796407327,4.668931310977016,1,1
0226,8373760,0.04624,3154.204606500979,572.2660889135348,0.8739210364458175,3.63162228590343,0,2,0
0229,8137541,0.04654,3164.776615079849,563.1475235777083,4.5039406957751575,20.82425593315209,0,2,0
0230,9482243,0.14483,2888.87020849517,511.7674327291766,32.78397822604578,964.5440517393561,4.317509979557292,1,1
0231,14608613,0.14483,2786.429369464292,495.2138102194764,47.978297124972464,1378.2586613928233,6.421982528849752,1,1
0233,9312058,0.06722,3155.554547865443,565.884233401848,0.9764771796368468,6.923384980634777,0,2,0
0234,9215504,0.09467,3127.862993717697,556.3893968508962,1.2422094864969955,9.80051677031709,0,2,0
0235,5947501,0.09243,3009.4135807843268,529.7882981294016,19.72627851791298,500.0148593275547,1.8536864011851453,1,1
0237,13539252,0.09243,2988.044617991633,528.6955728151776,19.826342943425665,574.7888819668542,2.491410420527421,1,1
0239,8349307,0.05721,3065.564425629898,542.8720218798182,12.403633159478494,267.6883809426144,0.8647814297207033,1,1
0240,7339549,0.086,3041.0737988651977,536.4439949587394,41.22680520900163,1001.2201230986798,4.189189883066466,1,2
0242,13970891,0.13671,2842.3444970953256,503.8331975492044,39.335324655617576,1074.5930270961499,5.031014102432574,2,0
0245,8858414,0.12353,2791.180153080532,496.9902921406885,45.71284871640996,1375.6247457502006,6.1600536723591475,1,1
0248,8893321,0.09077,3025.2130707095716,532.5783606138164,23.195973448129784,515.0643740359574,1.9550741408971832,1,1
0251,11488565,0.18187,3148.6002326807734,563.9429378366037,0.4244001744803507,3.6871373107637977,0,2,0
0252,7492283,0.10286,2916.2100152474204,524.8254506484882,29.019357394437833,635.7071427903387,2.4624557147105386,1,1
0253,10417402,0.10293,2926.310805149245,516.7088960386333,34.06164398414421,821.862506139852,3.5604991275698303,1,1
0255,8307833,0.11892,3175.261075414873,564.8279744210039,39.45280888173197,777.1163157269359,3.253890681671555,2,1
0256,7600737,0.0734,3215.930586935403,572.5154323760253,1.1825673830820267,6.269825637618835,0,NA,NA
0258,8961135,0.12357,2935.494077974828,516.5788122733026,30.24920691062076,807.8888583562115,3.4074722429013296,1,1
0260,9165830,0.116190916,4629.276795946349,821.7679992149234,1.3667840747138427,5.298902319221476,0,3,0
0261,9057570,0.079363917,3149.1089938717514,563.4478586664048,1.1138157027427402,4.558615633650678,0,0,0
0266,8653433,0.12796933,2942.5380463182532,528.7442708272871,55.72814383862407,1626.7680843427531,7.447282285637449,1,2
0268,6666148,0.08922,3133.2587825319165,560.8386061359355,5.3624484721779115,65.54649586503176,0,2,0
0271,8287424,0.11432,3166.1427404101714,564.367387007916,1.3242837216872383,7.789217070453181,0,2,0
0272,11780765,0.08192,3060.4884806962395,542.6437393549618,13.127796771977488,338.71507627144234,1.3406761027751326,1,1
0273,6959546,0.08415,3173.8504898571964,563.9160467388119,0.9058466453103713,3.4806546145998754,0,2,0
0274,7729687,0.06958,3080.7185578735857,547.5628935878456,17.47970358730078,387.2508977960298,1.3958032069432678,1,1
0276,9620515,0.085168299,3014.4280728901595,535.9775944314703,23.14606559856375,569.9617389901508,2.289445211501677,1,1
0277,9219129,0.118204767,3154.8749181605695,563.7248522207893,26.25734851485398,631.1652098170753,2.67937848482546,2,1
0278,7772479,0.06856,3192.1062679011475,563.8764762634012,0.600222853258485,4.5616045708998225,0,2,0
0282,17381074,0.109131677,3109.2204938584982,552.4319237342233,26.800813080979168,732.8451829345312,3.386674362589444,3,0
0283,16278874,0.109131677,3335.5513892656672,595.41792018049,0.9693539990338491,7.02523201323869,0,3,0
0284,9143299,0.105275118,3020.471257966025,539.3042954320641,48.05098288973051,1267.005101235116,5.924815970027255,1,2
0285,9277378,0.13764,2882.313373299889,510.51956877006086,40.70732707903303,961.3907117243226,4.33472006283915,1,1
0294,10201228,0.13899,3184.735351082085,562.1285311996921,0.6136946148964179,3.0522580468302802,0,2,0
0296,8336569,0.179557145,2818.2894750983587,506.22514139929444,41.161091291183304,1080.8712146410687,4.700128618638882,1,1
0298,6944831,0.125073071,3134.0152333124793,560.3923300337242,34.37002460282445,973.736125790468,3.9438800388847963,2,1
0300,17415587,0.09366829,3098.2620862870344,552.4218940601413,11.453904838556621,256.4830191102866,1.0342580839627455,2,0
0302,6527240,0.128283313,3228.158047477177,569.7054760505841,34.66508509682427,846.2362834288341,3.3898529669897473,2,1
0305,7956816,0.198904036,2690.592911359771,482.93474863269245,59.946597273240684,1676.4530041067824,7.809450412372698,1,1
0307,2867980,0.07046,3326.597722859862,598.0162198094202,5.145663017845656,11.876279099607284,0,1,1
0309,10110393,0.1269,2965.1092177610526,531.6159057116229,55.71587201887836,1609.8042023250157,7.580812728961869,1,2
0311,9755700,0.10336,3408.989226538965,606.4432307985091,0.9132141425283762,3.890770695293607,0,3,0
0314,5389497,0.06282,3097.2025133612447,557.3474100139176,36.80768513421204,688.7962217925533,2.671855472282347,1,2
0315,7606834,0.12147,2918.3892038498234,515.0813106625955,29.450808660226432,766.029733625125,3.144840562988042,NA,NA
0316,10403159,0.17373,2801.2505529499244,503.9468723938286,0.3658056384447197,4.093376057430755,0,1,0
0317,9472109,0.0797,3065.528670028358,549.7539361450137,40.79349412286194,874.7819241113995,3.903033242755277,1,2
0318,652281,0.0839,3617.1963085361704,615.3867844658715,7.312907478409125,15.941830981526728,0,1,1
0319,8778358,0.0839,3047.36314473493,540.925024780071,21.981271592578103,548.2671353231995,2.2397535690669135,1,1
0320,8314067,0.06003,3156.099936512772,571.9624266534627,11.523746753859994,180.57698704222756,0.482317158350992,1,1
0323,8247188,0.03547,3107.1434543648993,564.69185125907,12.907091885914191,149.38698341945,0.26520217730697215,1,1
0325,9060218,0.09088,2954.7862524759134,524.1530648837997,14.806535486291512,378.8809691237621,1.494338635701752,1,1
0327,9049231,0.08535,3024.9750460494115,539.9367250026812,20.80443622379584,537.8702671899165,2.1261974305771374,1,1
0328,8490989,0.09949,3350.6109547330766,604.9389132073164,2.1097130631879994,21.56964884033991,0,3,0
0329,9580093,0.10481,3101.6312531582544,560.0515568831793,1.113223718380027,6.512678642358497,0,NA,NA
0330,6713262,0.14916,2998.2167343834803,531.3605911288445,39.716307579757654,1051.9853572255045,4.758672721361051,1,2
0332,8444546,0.11206,3202.3734249656854,575.6514704796998,2.364900651295103,18.569946835631185,0,NA,NA
0333,5632668,0.15119,3415.71575474866,640.1285018343498,4.418030887515489,35.46037618814239,0,3,0
0334,7667834,0.08113,3158.7518446796817,560.311981771845,1.408526363385865,6.055375631209231,0,2,0
0335,7276315,0.1046,3053.975660211964,540.9891198854268,47.57275155629185,1325.0534867467186,5.961844936664676,1,2
0336,7991585,0.07035,3202.9597201134807,569.3936241735863,0.28675361150667067,0.8403578354911906,0,2,0
0338,13051936,0.10308,2989.033340573169,533.6419511039994,56.401144439196045,1343.2167846197506,6.3291538310913795,1,2
0341,4451647,0.0836,3055.599040262055,549.9388803054985,31.833896737389363,699.4094993537308,2.618342941896124,1,2
0344,6395194,0.27829,3523.2541512427033,625.6942714632241,6.277262583861471,78.52951706948066,0,NA,NA
0347,11178599,0.06665,3079.45442364306,549.9389990476739,27.81932014090365,589.437395186026,2.4103804581166943,1,2
0348,6520777,0.14929,2971.6525881992993,508.8094864811056,4.352739938236883,30.395107670455456,0,1,0
0350,5218203,0.126407167,2715.263867761269,479.682021851036,95.7958285552279,1654.3091803824102,7.186762214363555,1,1
0352,7340207,0.110580134,2958.4961205094146,526.4702467814167,67.70912204305976,1533.905571031492,6.9744746275182825,1,2
0354,8440536,0.077401479,3025.94571972065,543.4558566642717,44.0341391559153,1208.1278060695545,5.300350574968077,1,2
0355,8136948,0.083465269,3070.6771185014973,540.5613020470769,37.11686775130596,1020.8258326401443,4.4741561778023,1,2
0358,6559838,0.059753905,3112.280808249344,557.924593150692,9.381691292982028,132.77263530878997,0.24536133050445502,0,0
0359,6357022,0.094043858,3093.039586627106,550.3275923453464,37.5035480219959,929.341519891334,3.840224448669635,1,2
0360,6694378,0.089953202,3321.4968884232176,604.532160003956,0.705140496446743,1.988005727335735,0,3,0
0364,6896147,0.07467659,3030.5075019664796,536.2655114991895,31.337318414160546,938.437789636874,3.8259490907073745,1,2
0365,9905155,0.089254933,2987.6882655660806,538.9983197726259,26.582936943142144,535.5375411888356,2.2099362372080646,1,1
0367,7799686,0.159234313,3197.679979198225,572.0917247639813,39.065937589394196,1106.7521664525636,4.723119276319994,2,1
0368,5702745,0.095356574,3086.3104124752035,547.8519572060618,10.83209680180775,151.35470918622548,0.20017703057981817,2,0
0371,9194670,9.071916827,3211.9298762500043,570.1509878339111,0.29453481115458596,2.2632010178104887,0,2,0
0375,11428778,13.8816164,2942.295002364201,520.0814360425928,28.613246962659698,638.6973010948157,2.7570093983961073,1,1
0378,8656661,8.180902393,3168.097788613884,561.4588379551299,0.9364607172550804,4.012250161262493,0,2,0
0379,9715688,11.04354413,2999.7802469864,532.3916664753406,22.14415977408916,555.3089312594705,2.341885572503225,1,1
0380,10023191,7.760171496,3151.115832505788,563.6215849574547,1.2125420484962235,10.318406329241586,0,2,0
0382,8570936,13.19090565,3153.7297331450927,558.2570457815419,3.4773882377674634,24.7299067415325,0,2,0
0383,9667707,7.447175566,3046.4391189425237,547.1805818997153,21.748653740110452,537.1402201432287,2.165340822093246,1,1
0385,10403208,4.695429703,3122.232264782819,556.3339682691002,9.165303217278085,176.76046924959624,0.5949470484640773,1,1
0387,13339289,15.54001025,2880.329960393578,512.2993662172621,40.49873872538016,1111.6723826419768,5.071437361846824,1,1
0388,9170976,5.513250351,3139.507189436281,569.4739800341089,0.3798050049611458,2.5715970366091256,0,2,0
0393,6321045,10.92253641,3194.4445951207067,565.7173466254,0.774934701477836,2.6551973441253733,0,2,0
0396,8963341,9.26,3177.003874497357,564.7340836678923,0.25779297794617956,1.8060228380353445,0,2,0
0399,10596521,4.94493384,3166.523816123105,571.0965391418533,0.34707668557360466,2.1830044458962132,0,2,0
0400,8210188,9.944449766,3181.5657007359127,562.8372790109015,1.6506014364451564,13.610889709613378,0,2,0
0403,11998909,10.81480539,2935.883677745426,530.7422828647625,31.25520478856108,780.8148108826932,3.4230078865819875,1,1
0404,11157999,5.540889877,3149.2558948010883,560.4531952186226,1.9015784210674769,8.514821796663863,0,2,0
0405,7698851,15.40789118,2891.7734173159056,513.8743228746114,41.819042346845244,932.1276723600707,3.841884437401486,1,1
0407,6813511,17.04728797,3178.4150433011414,565.2878017160824,2.663238240229142,17.900892104798242,0,2,0
0408,10559869,10.34184729,3165.7380555982877,568.7981112282339,0.2756156842994026,1.9489068945838732,0,2,0
0410,7697857,14.22046068,2888.3811741877266,516.589947807253,28.06867385623932,747.966076258375,3.095992631596775,1,1
0413,7975675,8.162732381,3083.9193792018646,547.8965667555269,14.258744160314151,304.35518061796665,1.167796530163845,1,1
0415,6595827,12.33028268,3204.7283448531302,568.4767283554784,1.00610469451101,6.149182409884687,0,2,0
0420,8841506,6.122059953,3137.9756185024926,561.4250836906748,0.41406235804085906,3.27980385032947,0,2,0
0422,8948895,6.313597227,3100.643874282951,548.1870369982663,16.018853109134902,246.73340666362063,0.8585329584412741,1,1
0424,10183743,12.84043845,2937.8176641013115,519.846447994237,29.10517897289704,833.5950855745336,3.573486312276558,1,1
0425,11241447,8.353333909,3035.9745629168756,544.6007811101056,21.00828315211682,527.0936336765236,2.3412824778719767,1,1
0426,7468198,6.337117382,3098.6089759242905,551.2075016470354,12.580215227120187,235.18455523098754,0.7104801898511494,1,1
0428,11673397,9.063097431,3007.1827168850014,535.6494849764194,22.363040852115432,514.0870567533375,2.1459680805843853,1,1
0429,9450756,9.051776851,3205.715084101307,562.766819842872,0.24586001046756467,1.2835277748699399,0,2,0
0430,9270890,8.773927152,3159.4352718629407,560.7241278624949,0.9184031948326885,4.8034744095495165,0,2,0
0431,9862862,6.649678203,3145.9400966618664,565.4339069668016,0.3248608407450618,3.1593096490259223,0,2,0
0433,10727328,14.80692371,2901.881877369923,515.3338460100489,28.870923168606573,804.8313302018712,3.545887267161232,1,1
0434,10091990,13.82051403,3162.5455574643074,559.5116069108527,0.522656408866383,3.5184075855420995,0,2,0
0438,9311758,10.11865504,3156.7707149664448,559.2488736360021,0.33377055644082476,0.8926274475045464,0,2,0
0439,7765666,10.70161114,3149.242044168795,558.2259009294492,0.319237014558122,1.4748840384222364,0,2,0
0440,10583209,5.499205118,3181.764624514758,572.1972611371921,0.43718636967282176,3.4651459748470685,0,2,0
0442,10305410,6.828605615,3065.871332150143,547.144612662005,10.882050295482959,279.11950215493266,1.035339736814982,1,1
0444,8976239,6.729860163,3185.2231430141283,563.1628369359247,1.5097189207042851,15.750459268141746,0,2,0
0445,8135993,10.52141237,3170.5748177403843,565.7048776027402,0.89034762778262,6.482414326103222,0,2,0
0447,7466025,10.3038968,3038.2808191746367,539.9914857703028,21.960080455317296,473.66930608735004,1.7410903877152606,1,1
0448,10285135,11.60141645,2963.236282199918,527.7073249008279,33.1196366482019,881.7325798222696,3.943032346716504,1,1
0449,6164034,12.12120772,2910.674699907977,520.8528493477309,33.60207961341626,742.2030724582173,3.010680250671302,1,1
0452,8681200,9.921009813,3134.4746767538268,568.1139055897663,0.34410832974876177,2.1469550997441655,0,2,0
0453,8226378,8.197460716,3161.7000298680605,563.8822449737418,0.528905210216745,2.6630376347438802,0,2,0
0454,12424537,13.96504979,3150.5352509594863,561.2579980003303,0.8737427899120125,6.884313903554271,0,2,0
0455,12110000,5.946742571,3083.5397135288463,546.9540458960885,13.224553676355333,315.1892862683798,1.304181443893324,1,1
0456,7652861,10.97538779,2961.910570253495,527.8842412819857,22.824565288217975,517.0556168846296,1.9982649499231881,1,1
0458,8101593,7.714262015,3188.0665646732286,564.270914568899,1.4843306568993393,1.1480640853307815,0,2,0
0461,10075082,9.043487285,3027.169765774748,541.853004594866,21.002806353581686,495.2093279410604,2.0174842268432727,1,1
0462,7484833,6.839260495,3061.6704091822503,549.2702453776706,20.005406373629505,399.8992025580415,1.456604927000224,1,1
0463,9338090,11.461602,3161.5056992239856,558.1870482447144,0.21147276067877652,0.9775138985839813,0,2,0
0464,8170564,15.76882547,3149.3344705056566,564.032176146509,0.7936967962336472,4.754931869555142,0,2,0
0465,8281056,11.90087857,2999.694706382391,532.377754985014,26.016173579586788,647.0572999856407,2.6337378581968167,1,1
0467,7193421,11.54001573,3211.2509828648344,567.2369768545221,0.22830132441198014,1.4547234392952266,0,2,0
0470,7882233,6.185266483,3110.675911910073,555.6036498707078,16.279747932857692,319.25201847112555,1.145335501261809,1,1
0471,8232909,9.238002256,3167.046232569445,568.958518345308,0.29374059331195307,1.7233993647245704,0,2,0
0473,8098587,9.988367757,3007.323909907574,533.488275916085,19.711117625840252,582.0760533271367,2.394945159533882,1,1
0476,13313358,13.542349,3172.578439345868,563.6798569843007,0.501190350732998,2.032439089473432,0,2,0
0477,9225841,7.887162016,3097.0116611834965,546.5222036380353,22.834649681716893,390.3988581987856,1.4661270423446904,1,1
0478,8516797,10.54526154,3022.08616297957,538.7051724703034,22.36427940674823,491.07893385943066,2.017770918213824,1,1
0479,10704466,18.86414455,2806.4297557875225,501.8192995753643,40.813971087888305,1208.9525005539758,5.502350346777948,1,1
0485,9403673,4.721313123,3168.364352939062,564.986917648942,1.061472018836742,5.523649925792546,0,2,0
0486,10485794,6.900484228,3173.331012491961,564.9082540965338,0.539052351261161,3.70337076544225,0,2,0
0488,11551625,4.587305705,3148.367794732806,562.2460963549166,0.32225704745895045,3.3014413415501562,0,2,0
0489,8254908,6.606727315,3051.3163933486985,545.7749453522221,21.756150972708234,457.9126295627251,1.7846156201249739,1,1
0490,10008387,12.14208579,2962.3317941956193,525.4563973682699,27.525677361679428,709.7756588510674,3.0444270589678872,1,1
0491,8567363,6.854348309,3042.019142547343,551.9329020887787,18.37699218557303,443.999263680132,1.7092301408958381,1,1
0494,8503011,8.93982622,3176.4377488443615,562.4482233957268,0.5788054603852055,4.450064366356788,0,2,0
0495,7031998,6.394410599,3080.50859176162,539.6163118397707,18.294406571028816,361.33353066448586,1.3158623457098289,1,1
0496,4708319,7.088726336,3199.543261897748,574.3044677462452,0.4750931252150445,2.5866840586751225,0,2,0
0497,15478370,7.088726336,3102.5458685532317,550.034525647503,12.125162712964302,287.2397121298084,1.1689153181766072,2,0
0498,23280448,7.088726336,3195.2846225022595,568.9251995956539,0.4123869756484778,2.7319759567984243,0,2,0
0499,8273728,7.854952608,3055.8900859154423,542.2494534289569,19.505367424467487,464.50189675382774,1.9016637709237434,1,1
0500,5702413,13.56087775,2921.259520878095,528.1560784931389,28.068315907286667,730.0340429707117,2.9291478676588456,1,1
0501,8368908,8.645227006,3141.4314587005492,560.5115299102413,0.3681992082083772,1.6366313788192617,0,2,0
0503,9204075,7.544399011,3014.9713182800283,539.3010940141005,17.4413635656639,370.28139310680945,1.2167134337854846,1,1
0507,10083943,7.018493257,3150.371627402227,565.8700349465407,0.2667491380274787,1.0397858833930855,0,2,0
0508,7142399,9.443469958,3187.955109053263,568.7633951814043,0.5087838537619821,2.7119989794250605,0,2,0
0509,8993848,11.70900614,3196.597104464318,571.1490820252718,0.5795580256744648,3.570210986549205,0,2,0
0512,8907890,9.15341572,3148.3912893811403,567.0005353520744,1.2065147068272641,6.94081028131599,0,2,0
0513,9118756,8.271200697,3071.5728251488777,543.1325565052107,19.11250768087636,453.82179507489576,1.6888071955378379,1,1
0517,6378930,9.057450144,3061.697062510181,543.2972398045601,22.210866170444135,468.79412523616253,1.7706128395101146,1,1
0519,9112072,4.481489657,3137.1845634064375,559.5991793508363,0.5432159404658291,2.720977313065688,0,2,0
0520,8610441,4.760474496,3185.4605889600516,568.5310443809972,0.5930582759527916,2.0247574646836024,0,2,0
0523,7973120,6.263729996,3136.4347243364377,561.0114253253072,0.8831453483419682,5.820055432724293,0,2,0
0524,8062317,14.64804444,2905.223196209338,523.2527530745263,35.75933613974815,973.2135736959193,4.27287358122897,1,1
0525,10479784,13.09883364,3170.8330108542264,562.0378641080808,0.7829520095800201,6.151167522164126,0,2,0
0527,7798254,19.36774497,2840.5714098550247,501.96440485596315,46.76853643023878,1013.6711918926392,4.419619698440215,1,1
0529,7998345,15.99,3129.441814352721,564.7300990877069,0.4934669680460026,3.3550347983766597,0,2,0
0531,8497381,9.511360636,3125.5626253316796,564.8258043640762,0.23364051516262185,1.44639320466601,0,2,0
0532,9128585,5.934159921,3091.5920778561886,548.49255593533,9.857300345088774,198.94266112970718,0.5815692862464602,1,1
0533,11733199,18.64285382,2783.397130819201,503.05026103585936,40.5900973085752,1148.482786875311,5.191908379064493,1,1
0536,16165330,10.91917225,3014.12754615989,537.6715374873403,19.55884188912602,504.25931924182186,2.220897796410977,2,0
0538,7018714,8.561605802,3145.848046721954,561.2189608836234,4.686089173303455,38.36677789581251,0,2,0
0539,7866693,12.11513494,2924.8583243831326,519.6851827064114,26.859816972392213,669.8010467210917,2.631277040730693,1,1
0542,10327240,10.97150353,2987.336377268188,534.2937525350101,27.88559018745507,601.6271420703587,2.5855463907953355,1,1
0547,10339509,10.93016067,3000.7281536588584,533.1420128347505,25.464168975075943,639.8261041303347,2.7721382572445066,1,1
0550,8730760,10.64585396,3082.3887165657497,548.8813751094017,11.807203545836453,231.31521175463448,0.756327581980701,1,1
0551,11902934,9.511012466,3146.3389938533846,554.3998177252109,1.9268375242534617,17.132654151821946,0,2,0
0552,10647385,13.37924587,3079.0176940136816,548.8037470869784,14.854723855385943,337.9397936427043,1.326114554236527,1,1
0553,11708573,7.883100997,3153.5346941046296,562.4591939405311,1.1774707329834082,7.706978049203238,0,2,0
0554,7486916,7.579682093,3199.358630242049,561.3547266706876,0.3599841168509822,2.9851704643232764,0,2,0
0556,7291966,12.50360628,3189.0781453259274,562.2611991937554,0.46157965002406925,1.571446397326627,0,2,0
0557,6955552,25.78823431,2722.546046735734,483.8390565552182,56.986959886533384,1626.6754283834325,7.4072867975385694,1,1
0561,11298241,11.05328334,2955.381579547199,528.2192601185512,33.488797066388535,701.1099549810829,3.0758160330906854,1,1
0562,9149339,14.80655352,2906.9159014184024,521.6231263123092,34.35834015729962,946.9270952705089,4.2100292103059855,1,1
0563,11208484,13.01420684,2887.7045435807104,515.9801132308462,38.750625508910524,834.2121074548018,3.705167894718401,1,1
0566,7978142,6.493597244,3189.7919925683077,568.6075169239668,0.42007761609623134,2.4453359706962385,0,2,0
0567,9196645,13.08300796,3152.7001853273077,563.8089440428793,0.38937284955309004,1.3869801022019017,0,2,0
0568,9456346,6.389876575,3064.941370617209,540.0887899504153,11.507538348201786,133.25116068747892,0.33528432810107484,1,1
0569,15520490,6.389876575,2822.0139890866276,498.57968972483235,35.58551879213217,996.0979678413532,4.5592837000677235,1,1
0572,5836727,15.10648927,3184.49765851175,555.720670368639,2.1465390608551083,11.267094522357283,0,2,0
0574,6782544,9.242093933,3169.4983785167306,570.3012404988905,0.3406405951510617,1.1782510065764424,0,2,0
0575,9168919,11.20895513,2969.485534522531,531.0759154056556,25.318626462074445,619.2272286116056,2.5727135620475936,1,1
0578,7339873,6.219308947,3089.2094732970586,548.1669556890154,13.426698225383237,319.96008668206605,1.1395774234046692,1,1
0579,8156295,4.333850205,3188.7226676817454,567.7362451354434,0.655564249802987,3.4682406980985427,0,2,0
0581,8166862,12.49,3127.3006853990037,555.8377258618699,1.2505150769748257,7.694705863962137,0,2,0
0582,10693123,10.08501867,2967.940281699382,533.2492685626303,25.41302117086044,528.5973029834712,2.1796369216905207,1,1
0583,9103918,6.608029974,3026.4398522670917,537.8333610675335,13.300553847415147,337.0788684174691,1.3039334663225903,1,1
0588,7379667,9.324206978,3131.977122068566,561.2928330962409,0.49542519562167425,3.8671469467745068,0,2,0
0589,9200709,8.751731997,3014.2782905504405,541.3044686899051,22.8645584089728,506.2164813389236,2.1546334809805967,1,1
0590,6556704,10.20529356,2956.6128339558513,532.0657598009248,31.667602892843874,642.3787580668445,2.5762706683036427,1,1
0593,8844194,5.835250806,3109.9903538554686,554.8593174324666,12.502899647938088,172.81554576074325,0.4531539456502798,1,1
0595,9586142,11.77639624,3146.625694801725,562.1076429016528,1.392976547884223,7.8022198321505805,0,2,0
0596,8904728,12.11401092,2973.1520709765878,526.2054454142536,24.922152976624115,712.147542850513,3.06459819253813,1,1
0598,6154969,7.193591864,3069.336333969166,549.2824396488875,14.746084987875607,307.16354379645105,0.9739825415817458,1,1
0599,9788040,11.42730529,2923.7870645049584,524.6628662503509,33.73986152363583,786.7791009125065,3.3475523824435265,1,1
0600,9024327,11.18455279,3199.3011955565607,568.1206418917197,0.6310326169362375,3.3241416208906,0,2,0
0606,7983766,11.71529528,3177.395701690106,564.4016009643509,0.2828394566301939,2.2052432711714354,0,2,0
0608,10090123,5.29855876,3081.5952534337334,550.4027945623964,13.16191958071104,281.31181286311687,1.0050228558806384,1,1
0609,8151662,6.08788867,3083.294226337469,550.1759487076617,11.302220114392856,227.84802837100096,0.7022627400456873,1,1
0611,9454224,6.35795255,3200.5538945144917,567.8736709792475,0.6715923519463073,3.4576663840222035,0,2,0
0617,8733665,11.83633953,3017.354643519861,536.9704281718164,22.965275550965192,564.9942698220171,2.3127754072010274,1,1
0618,6408381,6.74939348,3095.6009217396336,547.4661342231981,11.549306173647574,225.18285690085992,0.6814472949439537,1,1
0619,11500646,8.2343599,3081.891713884045,550.1667232405184,14.708930712067065,361.3161131519033,1.4701396430026765,1,1
0622,9037462,7.66690845,2996.2036143643536,534.2810020182425,26.537844094108692,692.7500502660599,2.9619605412179935,1,1
0623,7594015,7.40013452,3081.111326203374,546.7515460945343,10.878318252226753,223.43057069934753,0.6807253150379631,1,1
0625,8677616,5.41856812,3151.826279673263,561.6339831190377,1.9957634675966809,8.349973187727883,0,2,0
0626,9470528,8.09343896,3102.6644564176468,554.43660464577,14.608724912005938,308.3538579539256,1.2472818551552913,1,1
0628,10332894,12.14168095,3156.488463869162,563.1085655457056,0.9464439880021361,2.7788622956054922,0,2,0
0629,7636570,10.45722114,3184.301159399529,566.2989450228495,1.1294528075221837,4.289639662454974,0,2,0
0630,11179391,7.69099109,3079.9902143089334,547.3788448732491,19.75048369958952,362.2692304379281,1.412729912651992,1,1
0631,8074154,8.23132731,3176.6151543783435,568.2145630021898,0.39240126847290674,2.6296923599109308,0,2,0
0633,9162093,12.77756007,2884.1112256304145,515.0508713931247,38.674513611260544,911.115787566226,3.8756178647329715,1,1
0634,7368300,13.94071784,2938.757473636731,518.1307036560509,31.89350333797931,845.7373457875347,3.5043526787508803,1,1
0637,6504747,8.69,3191.3254273177477,572.1916204857351,0.2559764396451208,0.8257104146949353,0,2,0
0638,9086444,11.76027759,2910.932408979271,518.1288988398031,28.36088902619525,631.0788162884123,2.6946027797105208,1,1
0639,10183844,8.02079268,3069.0545029541236,547.3979618190639,13.356775636783704,342.1198725819131,1.3346799853651667,1,1
0644,9889488,8.45679277,3031.861259754214,542.4679700827757,16.25458224111648,402.0162644853495,1.5747298955625761,1,1
0645,8056755,10.70384957,3186.110283375205,562.5867372107232,0.4646895310074994,2.5316537440238496,0,2,0
0646,11514451,9.85214286,3003.169682450245,537.9464577528203,21.740220235534746,487.06356136780136,1.9993778989944826,1,1
0649,6459501,6.93383178,3011.1668173840035,535.1493545452322,15.984228724576004,394.06390710662833,1.3396764749820051,1,1
0651,9634667,11.52288143,2830.4630802075844,505.68808848425283,57.06822541437662,1338.5614333762362,6.22833903747488,1,1
0653,10403139,10.91826086,3011.733497726254,532.5118500908243,23.708011493611952,623.3266133534686,2.7038358506011275,1,1
0654,8511167,8.30185985,3191.858575731952,562.8975807808605,0.28554092915115414,2.042734093309725,0,2,0
0656,8904720,6.81,3167.184450666044,572.1197437274955,0.3023168949502009,1.5838806151948428,0,2,0
0657,8601703,11.39574747,2952.178248599002,531.3728364622552,25.492811075588406,659.5060128047171,2.6789767196908434,1,1
0659,8447919,6.84,3150.7778913428197,566.3694614542873,1.2987693873249873,7.582481372423706,0,2,0
0660,6998144,11.14,2986.252513621545,528.6579178259843,22.798225552131864,635.1791034597943,2.6795172080012755,1,1
0661,11069162,11.11513807,2969.3189040073385,528.7000322976954,28.64638715897038,682.7222821920486,3.0076639021135376,1,1
0662,7814768,5.9494483,3107.453496876648,553.4824143501427,10.723831140725398,259.1370076458889,0.8635997482934995,1,1
0663,7722485,10.13176795,2995.4364802462283,528.7123534764779,26.009052763464183,714.6021140992025,3.0532733486944705,1,1
0665,10162194,8.50540019,3132.4454854144383,554.2058997105042,1.4008511512818627,12.045745721545805,0,2,0
0666,9390016,10.80159934,3155.044557343038,563.3499133396782,2.4107415882493908,13.092229712719517,0,2,0
0668,8046499,11.21355072,2862.131300224549,514.4930160832591,37.64346162136266,932.6672132979693,4.123080665212714,1,1
0670,7902255,10.92477363,3050.2040809192804,541.1363164176801,20.71916650918659,540.8795126006297,2.056484761161969,1,1
0671,7185484,11.11109227,3205.7220861347705,570.4041444423297,0.5366473194548512,1.341915118800161,0,2,0
0675,6963080,13.53798273,2935.742823602236,521.9621607170501,30.20200277335696,792.729167501934,3.3322824875156454,1,1
0676,9281802,5.82724226,3141.541044434366,553.3288980283987,7.219232664356748,143.61815844552834,0.46317165056076115,1,1
0678,7901832,10.64559972,3155.276312628826,561.7778493288943,0.2368344005415625,0.8811227859254402,0,2,0
0679,9514461,16.20301599,2935.515348580175,523.2378702675134,25.706873682239152,736.2349781077797,3.158354155465088,1,1
0681,8033573,18.15628644,3163.8026759791896,560.7449889828177,0.27109278247658036,1.5485389603607254,0,2,0
0683,6045630,8.37886046,3156.6546062767725,559.935882538016,0.8805750811148342,3.9091373536134295,0,2,0
0692,7647506,13.05284667,2978.9766822129873,526.1008885623113,20.624779296994387,574.004734991179,2.3040192294749144,1,1
0693,6184446,12.93967114,3198.401291680182,576.0436854057413,0.7705459024983002,3.7141411578591845,0,2,0
0695,11206033,12.61864531,3160.8842951338806,562.2870985797997,0.34528560943470615,2.9369323654982242,0,2,0
0696,8692465,10.42639909,3155.867367346548,555.799084241506,1.6585754009760805,12.427945759111987,0,2,0
0697,10657330,11.22670797,2975.2110467158077,524.8892158681731,28.547077239486036,669.1533947838836,2.8918934524380377,1,1
0702,7041361,6.89462104,3139.3263735490614,548.8587262498293,9.112810447611176,196.50890707629685,0.6570769740960903,1,1
0703,12399847,10.15418915,3133.9632450449685,558.0066488437279,0.4776998019651394,1.9930265284758093,0,2,0
0706,7352162,11.52,3203.9562880883527,560.8084525808957,0.5803473142575225,3.9883284447426677,0,2,0
0707,11205675,7.21796916,3068.796407863824,548.0995035064908,18.630178790801676,462.2253071410682,1.9551583631328546,1,1
0710,10245717,8.92959696,3185.2557957308727,566.0985344918989,0.2594899332112017,1.7270976628778547,0,2,0
0718,11625426,8.54615496,3181.609379026831,566.4707769190284,0.632667980562462,4.400635879821518,0,2,0
0720,10233744,12.57259374,3177.0440696767655,563.7504015541905,0.3422110985592039,1.717567959842662,0,2,0
0723,9682762,16.55687842,3043.8036453360123,543.2505677705044,20.419970313159922,442.4444156762721,1.7780730404437624,1,1
0725,8625452,12.77163281,3055.270139846003,543.1656247865751,11.283912346563596,267.7153807437263,0.9392727900218216,1,1
0726,6149396,11.85728528,2967.6736600098307,529.9523087565075,24.48032517077492,597.5312578121338,2.14786170473795,1,1
0732,12424767,6.78367754,3137.693769786112,564.4148523398635,0.2635767317552333,2.10069952412513,0,2,0
0734,7048716,12.48961369,2946.4877877175795,528.6525803911903,27.377025589043903,698.2676217944503,2.724286661257963,1,1
0738,9234434,12.91192201,3181.3790519229665,568.6422238637608,0.6414057138473713,3.4324289576259974,0,2,0
0741,7411215,13.10474801,3147.62229684133,562.7462200393121,0.38015002580265833,2.5853696078808217,0,2,0
0742,5746181,4.45302761,3139.9460569220128,558.4635134967276,9.90564999664167,131.95456131292988,0.117619526977616,1,1
0743,9787117,10.51770608,3122.9543691680547,559.9915941827462,4.300272625391953,39.09026930512327,0,2,0
0746,7828380,7.46749,2954.0008099195725,522.3182410838901,30.575601821786933,640.167556578861,1.9867088019847963,2,0
0747,7505221,11.0825,3174.1777515328467,569.2586372674109,0.30521461530664395,2.0160049254976493,0,2,0
0748,7333239,15.6294,3191.7941425054796,565.0644125811416,0.7254112527694089,3.012702399965475,0,2,0
0750,7343187,8.3791,3118.0915429677116,555.0349794437341,12.780492184555913,273.5075960402864,0.9167418903592897,1,1
0753,6244430,10.5848,2941.5055287108353,513.249398275577,29.27521126624309,696.5937226465346,2.811348722125347,1,1
0758,8053910,6.44791761,3047.6998773839377,551.0582714638783,13.253099004244921,356.1685649653718,1.3155329417868997,1,1
0760,5880551,4.55851531,3110.4060095119335,553.3826790051658,14.623577224694015,194.56429300063053,0.5705191499162406,1,1
0762,8809562,13.48425205,2972.866664202638,529.9520930051833,49.78874426991821,756.66087839314,3.1177798428303327,1,1
0764,7740305,10.98359453,3166.052450781461,561.7231192203456,0.23818928741637285,1.0196778816634986,0,2,0
0766,9682020,14.48173839,3155.1881419459514,564.2122709853829,0.4249246516999413,4.1334167216469915,0,2,0
0770,8635493,9.66544973,3036.2892423919125,544.0580456904203,22.6844958206704,568.3002431647841,2.322161330389616,1,1
0773,10003777,10.47049414,3198.396116270726,570.3891649486234,0.46946582391630876,3.446640210112507,0,2,0
0775,9095894,5.9620029,3174.986523026664,558.5806856756747,0.22453518489346844,1.33605144443287,0,2,0
0779,9763670,9.76,2986.564071865006,531.8792032134812,25.298155616093975,621.3344232434615,2.7763861634566225,1,1
0780,9774178,9.50522756,3101.707689369661,548.869556374089,9.627094178479203,211.88643261374474,0.6826667783107978,1,1
0782,9607817,12.64188377,3170.6007358814,566.8462771616712,0.4562463031479214,1.6720920027043134,0,2,0
0783,7553141,10.92177706,3193.6937612783236,568.9519669897219,0.6896316721617972,3.232877731738935,0,2,0
0784,6115326,16.61,3117.2121479148973,558.5120048957136,5.928601955310623,47.63360303681283,0,2,0
0786,7511392,10.91922857,3134.692795604339,557.2916407996141,0.3132481718343891,1.5101422244726113,0,2,0
0787,8600147,10.27,2917.7783938828375,514.7027412975488,32.52722104191655,876.0736418393732,3.7729152337785057,1,1
0789,7379042,10.48146396,3076.446421663555,554.0049048280216,12.182685669714152,195.17275577017512,0.6367153894176523,1,1
0792,7103693,10.15925257,2952.844664667487,532.7050454000407,27.994594943678475,579.4197566661225,2.222059360582107,1,1
0793,9007838,12.38380661,3329.773433460584,615.4909367934371,0.8396263660357423,7.460622030846561,0,3,0
0796,10236644,14.09215521,2934.8620363502605,531.8247561561128,27.657223632521422,660.5749665940256,2.799503685190268,1,1
0798,8019031,5.75453912,2999.4073100895193,537.9672912171459,17.55727038753554,410.26441648329916,1.5154746473354213,1,1
0799,7911188,10.75693498,3014.9218472564785,543.0780953401188,19.314302930136027,470.7403470736432,1.7822487203382131,1,1
0802,10038395,13.53047048,3231.2860018785113,568.0443404277579,0.3330006724367145,3.1385886863294528,0,2,0
0809,8484548,10.22500334,3119.87154408954,555.8186579930715,12.709882158485176,200.92409199804646,0.640280248176588,1,1
0811,6596696,12.07,3006.7315243976605,540.914803897367,22.02344648428633,552.1038864663213,2.154246924141445,1,1
0813,9869319,19.07304557,3168.01623423742,569.631326258533,0.2665380621528228,2.3653276640156786,0,2,0
0817,7793330,12.11599914,3161.5441905241737,566.4505311876388,29.28893686413335,774.0771910863376,3.2815323362342697,2,1
0818,6991566,10.2287,3104.8941607429656,549.1019054261011,12.170903586697623,230.48445564207756,0.7379613597634493,1,1
0822,7256445,10.9525,3134.4185619399336,562.3456711232351,0.2891447137091889,1.67013701046738,0,2,0
0823,9332897,9.27619,3043.697898032659,543.7782934179355,17.36605172753436,401.08409716033424,1.5453376029418584,1,1
0824,7271069,14.5967,2866.848311976846,509.0878831277144,45.14847181286557,1027.9731633852039,4.418356721010148,1,1
0825,10128777,14.4049,3062.719944489628,540.7626425926935,15.355014140227816,362.94528627797814,1.3906822781199237,1,1
0827,9938583,11.9241,2972.7419448441665,527.0747382791467,25.139684699684526,694.1072704003063,2.873680062507612,1,1
0828,8895796,17.9415,3170.011391820015,561.4692691241402,38.125114823012225,1089.4231000753578,4.877868486666752,2,1
0829,10570138,10.6699,3014.6126983877793,541.0086596555194,28.01375042040828,555.9089034264657,2.3782214968745055,1,1
0831,8501104,13.4811,2869.5667462845527,507.06957031450474,29.934134547987618,911.0860099469585,4.0325725515285,1,1
0832,10272436,14.8655,3180.20696607676,563.0876388249269,47.174177061317124,1120.402955194208,5.035519555765411,2,1
0835,9734220,13.0127,3073.2029069966693,551.1882831961243,22.15148265020051,461.0727761966239,1.885326458835264,1,1
0836,10154271,9.89148,3114.122015695578,560.99713471866,1.3408108789051572,7.205310185395032,0,2,0
0838,12915090,12.0798,3016.199640268779,542.5425835984886,19.94466653016632,375.26138408607545,1.5381655362911948,1,1
0839,10960389,8.97046,3274.1093816815883,583.7552919517299,0.36187407170896396,2.480645236559274,0,3,0
0840,7002945,6.06263,3209.8418132331067,575.7288748002044,0.26321687308961295,1.4746093121583803,0,2,0
0841,7640635,8.43166,3219.963311157045,575.4938399882985,0.5783756582327357,3.103057568574637,0,2,0
0842,6690117,9.8424,3016.949017885581,545.5956365835602,20.874850492853835,569.6506980202516,2.331938094541537,1,1
0845,8233113,18.6834,2891.8888435412678,515.960763692916,0.8538517255533109,2.170897622726334,0,1,0
0847,6087308,13.3579,3033.049021830033,544.5646288408641,15.860297067960143,410.316944974561,1.500770255632613,1,1
0848,8536303,14.8417,3041.273319220371,539.3893137269763,14.260991172111229,353.4073776609072,1.3709057121390116,1,1
0849,9706996,11.3542,2988.168040631747,531.3415073463563,23.157877965166126,571.033201963139,2.359483546551019,1,1
0850,9015736,7.29667,3101.803156167791,555.7291614642567,11.003354969936243,244.01512637406174,0.8739064875592137,1,1
0851,11781772,8.04569,3050.8988491329465,544.1052884368888,16.46041324603309,510.12254889455977,2.210168995080096,1,1
0853,7802687,13.9452,3148.651725900492,561.1251022786706,0.22153644157711333,0.9010901345735924,0,2,0
0854,7228974,10.2036,2988.5762675298065,530.7498497466403,25.805193555530774,578.7189328231506,2.3102519461609234,1,1
0858,5866979,16.9821,3048.2873291652577,537.3554813643816,16.124453072995525,440.0587704574733,1.6045652942078885,1,1
0860,10862865,8.30191,3182.7836913847896,563.6871484683136,0.979043202103184,4.51722986775284,0,2,0
0861,9979445,9.37219,3035.727217201193,543.4253739640695,21.45256524198704,509.8237401285294,2.084583053211232,1,1
0862,8508149,9.92354,3064.94659850009,550.5571164297808,16.610189134328664,305.7947298685909,1.039230467946266,1,1
0863,7626623,20.7995,2804.0981516458723,495.2663794970261,66.89104349700129,1279.5259217379053,5.6194840845030285,1,1
0865,9754205,9.687,3094.9165652960373,547.0354139768219,11.647240169606121,307.88066005981904,1.1179685651162656,1,1
0867,12464634,20.2986,2820.5734499558203,503.95764861015147,39.94599549374221,1190.3378997376874,5.565300609969313,1,1
0873,8534130,8.10557,3225.870009933734,568.4502267600046,0.56451218493597,4.331895466484667,0,2,0
0875,9730106,18.7013,2966.9905332483754,530.6984487809125,24.403435888474068,645.9344889086526,2.7664482658337164,1,1
0877,9214540,12.1474,3176.0843716620834,574.0305501759625,1.6136197991403403,15.924718954895967,0,2,0
0880,8669770,11.6484,2868.325093833107,507.4214960761326,36.65543690731896,946.6988573166325,4.133669541610143,1,1
0884,5985978,14.7075,3053.687792663405,547.8209246944415,1.7761018270349904,10.235826042185904,0,1,0
0886,11784461,14.7075,3039.674718581743,540.2133158626139,0.722373060973371,4.7446010490536175,0,1,0
0891,6926126,10.7609,3137.9112828270218,563.3621995598761,0.3102031855420393,0.9465804876094466,0,2,0
0893,5744559,12.3369,3013.897050925605,533.522685867579,14.656055245879294,338.9539169017054,1.0831469405798535,1,1
0894,8703327,8.03171,3097.829943358219,546.3675025960198,12.315739713577026,151.68066973955635,0.32267780700795484,2,0
0895,8291738,7.07037,3088.9480637272472,549.575783771608,14.272632557878735,293.54813299534896,1.002227379930557,1,1
0898,7894368,13.1247,2952.443179516338,525.7127944372252,30.049684805724016,705.2479904581215,2.7678977748730476,1,1
0900,5828595,7.86617,3054.4601304876937,545.7447173700999,11.949265926775759,233.0686323829564,0.5959148128775666,1,1
0901,7740721,7.86617,3054.2442169287356,545.2315507429611,12.958448607238283,284.27483401679416,1.010024228353801,1,1
0904,10319129,16.4995,3190.895052894058,571.666634244302,49.918964498752494,1033.5192046185373,4.567527545584661,2,1
0905,9953213,21.1578,2786.9853305822967,496.54360483309284,56.38349046450383,1412.4459692316573,6.542401001671122,1,1
0906,8866256,9.77773,2943.1157710804446,519.4174157615469,27.791343262352143,599.2665509737761,2.3948432198692498,1,1
0907,11364835,10.9609,2870.430274541838,512.3354188693208,35.52831483129194,891.5088571708525,3.9666192974060257,NA,NA
0909,5390992,13.383,2927.143973356696,517.7296208324083,52.33034209947999,1565.2143170404918,6.8255088137342534,1,2
0913,8644948,6.28699,3111.716942847494,551.1518743913122,25.14985133298689,615.067911282993,2.6482602881354023,1,2
0917,15328383,10.4825021,2641.6128544189396,459.0008696625211,61.97872022698605,1791.2509571061166,8.652658731125426,1,1
0919,10791020,12.5119005,3174.592990708518,566.3700526475958,29.36500575722104,799.6016221861205,3.6288109260481676,2,1
0922,7234348,6.9693985,3103.242179794791,545.8303246573457,13.034552511111706,264.13301399306476,0.9212764219029324,1,1
0923,7341585,5.33818829,3031.587819047396,542.9263883321781,27.63067352633785,409.8984674167351,1.3916807023619175,1,1
0924,7695130,12.91063863,3043.0382327573034,541.4719298662201,20.678089636926842,504.6134374176414,1.9714897036124848,1,1
0928,9121868,12.3899,2987.3784930385364,526.1292844531522,31.08900268377655,602.29575401599,2.5738888196494654,1,1
0929,7898070,12.2661,3158.2559113992743,558.5604963916585,1.0957651655610445,6.4240322065810425,0,2,0
0932,9961032,5.6089,3073.462320351275,542.3743897302586,13.856541631940285,239.86880142861932,0.7135001420039666,1,1
0934,8906721,10.1859,3163.2023042116384,562.5500997150195,2.148010147077053,18.432353829374765,0,2,0
0936,11449001,7.87551,2962.705107479909,527.1771403772409,27.070469401765976,561.7599942925584,2.4387464274297233,1,1
0937,7973322,4.29181,3151.268670490848,565.978644181391,0.9408078875595434,5.1382623297240295,0,2,0
0938,8903480,7.80744,3133.3987857048896,561.1041600276651,0.532496893901795,3.370631736927265,0,2,0
0941,8059838,5.66708,3060.252112437617,540.6796731491107,12.689686168632607,270.9567659233249,0.9568916597806842,1,1
0943,8441113,12.5179,3139.1268867015274,555.929523357859,32.231672882197216,673.2114419338948,2.8335422489568756,2,1
0945,5529034,9.50774,3000.0342357729155,539.6783139280498,20.069890438297225,449.4096352510477,1.6727088246275628,1,1
0946,14075016,9.50774,2781.581410547417,497.4596995317256,43.620527283840225,1256.7986051377122,5.952178383805918,1,1
0948,8232319,30.38998566,3045.471033164084,543.4614032202353,0.3707263271261658,1.9841095900461705,0,1,0
0949,12442763,24.96106355,3111.462335269352,551.5082131649085,11.484647724326209,249.29989545669753,0.8629934057634646,1,1
0953,9463905,15.17976919,3040.7155643120136,533.5820207022701,0.21903305701093032,1.487104507111805,0,1,0
0955,8376072,9.58705,3178.5780513204595,571.1606334666482,0.588190495217724,2.6790030157908498,0,2,0
0956,6586713,16.81225743,2826.0265011095175,503.70557853701683,41.34057342846393,1148.53534177476,4.850358002535142,1,1
0957,10632777,11.68670555,3191.5841695911417,564.4929643796473,29.83956101079858,802.5775999700597,3.4271907093952314,2,1
0958,8325595,10.41335476,3176.1444048612543,571.680466801893,0.579523173740962,1.994397141467197,0,2,0
0960,7988276,10.38950009,3015.981069836181,533.4501144579315,54.07217308171421,1267.5376082665723,5.61679708037956,1,2
0961,8838308,15.07708306,3211.135551629002,568.9779840714134,36.3414447693264,1010.7711114469706,4.313162829015533,2,1
0962,7602934,9.22507706,3018.6755519592034,542.5719172072363,56.91402327293552,1238.1384305079575,5.372518609480038,1,2
0963,8999343,10.19788853,2937.102714104825,515.32186711829,28.212214385187945,832.3799247251884,3.735675848982551,1,1
0967,10548496,10.3213,3157.5979440960537,561.114176803571,1.6131282205099982,16.06588189741446,0,2,0
0970,9668818,10.8472223,3179.2924947931306,563.9375198199066,0.43921839437042137,1.4493884292456847,0,2,0
0971,6764179,17.15370096,2904.1548002915083,520.1122214569806,33.10576414689734,992.5309192329354,4.24807334377178,1,1
0972,10609583,7.82334145,3142.1877511583975,565.1195271880147,0.6521370420390651,4.7333801643852524,0,2,0
0973,8099746,7.54647115,3037.1552171872927,542.7985233771234,15.457973916652845,379.33639469416147,1.4313908875905708,1,1
0976,7050155,12.8684,3174.8761322074097,569.3494963551018,2.5146078939688628,15.57171882025789,0,2,0
0979,6937504,15.0069,3143.85755242308,562.8977264882096,1.0105629193847452,5.521196884062625,0,2,0
0980,8184607,6.27836,3103.366049531096,547.1903340295364,15.70951976386749,363.9200719870684,1.380659052593548,1,1
0981,10482314,8.32384,3110.4118490423443,555.260967276394,10.931693193847407,283.04153944151653,1.0792679143214825,1,1
0983,7473888,5.00613,3166.7368346839485,568.6876300862358,1.3718630720050837,14.452744548291982,0,2,0
0985,9326380,15.8299,2995.20891430592,532.8402021629556,23.14838036556933,500.30054211960754,1.9914608914242848,1,1
0987,11451726,17.77675383,3161.600287875443,565.3981303199639,62.314455747035616,1178.4787065151054,5.30860824510021,2,1
0991,7939091,17.47215701,2856.417086826792,510.77459386019666,32.611405346286446,932.7257463786024,4.053099005582824,1,1
0992,11318810,11.4168,3175.132459471134,568.4745687659051,1.1135517243676345,7.490026359462402,0,2,0
0993,6774609,13.2326,2982.15273685421,530.8948905735017,24.59035387335882,705.446628699746,2.962122265464192,1,1
0994,10616104,16.868,2891.7648795233754,511.9961859125185,44.189050794394305,1047.830178627913,4.783159626424934,1,1
0997,8199115,9.72463,3133.799022399706,563.1120208249973,1.542570233181923,15.176517465139336,0,2,0
0999,6579707,11.3246,3133.3056799489104,553.7187144041311,11.901820384659425,278.18465039852595,0.9398142359242037,1,1
1000,5024077,13.6681,3180.639891336808,567.564005051526,0.34394334137345894,0.6718127452931785,0,2,0
1001,8025680,8.35731,3099.843675930575,553.6164475289276,7.135102323567817,115.05658325401778,0.29749063745639137,1,1
1003,15375874,8.35731,3108.728023844158,557.1032745170072,6.351080562022387,132.87266820386935,0.4563971314406744,1,1
1008,8299901,7.78747,2922.570963932423,521.7145430922429,34.421723541576334,927.3130639329253,3.989175014189395,1,1
1009,14318720,7.78747,3034.6635725572555,537.4429225689637,18.369697316594422,446.1023947149139,1.907407653591724,1,1
1011,8404734,9.23076931,3004.6303198390024,531.7889743928284,22.93876128246997,562.3537978306117,2.2496623889381353,1,1
1012,9755556,7.54189213,2979.1941692603777,529.0210308275745,29.69237394652488,921.5913712589977,4.140966193764116,1,1
1014,8015257,7.34655705,3143.1234857330383,559.1297544196663,0.73084771859483,2.196423137589532,0,2,0
1015,7584850,14.50715472,3196.4579796027956,567.8433775970971,34.573870557375066,884.9276580463691,3.7654843118418753,2,1
1018,7535781,6.56673758,3057.9566658601575,545.4061363500566,18.921833912602573,440.9378153615618,1.6642799469630325,1,1
1020,8957358,8.88098931,2975.403452661934,536.8163137383958,35.48325451258663,788.3916485827526,3.185095309876885,1,1
1025,9086627,4.2915,3178.8791594366576,568.3002995516781,0.21725345684000746,0.6714720633957941,0,2,0
1029,10038785,8.17354,3163.4050473593747,558.3524513978566,0.3770140264877145,1.7585789259211129,0,2,0
1033,13123149,13.0349,4525.075221365324,804.3561188823331,1.0265951544149752,7.676844104455492,0,3,0
1034,8984377,14.5385,3083.779095956072,537.2243623966145,16.140445547307927,394.64614785068557,1.5291768059441284,1,1
1037,6896077,7.75557,3110.492461803022,550.1306046120255,15.312469982169853,258.4699900481488,0.7376310198427727,1,1
1039,5036053,10.3077,3048.5344801415813,552.0705725355363,18.908757898042495,382.19517015270054,1.2248383916246746,1,1
1041,9783357,8.68868,3013.5467937659964,544.6322304191849,18.17739086338886,377.89390757258707,1.4996987247121678,1,1
1042,11888367,17.2776,2808.2802359171387,504.1870344178592,83.56818286208944,2292.251503654251,11.073098552355413,1,2
1045,10536153,4.02115,3080.912027919875,552.806132401578,4.955427969886192,98.66504584816953,0.2509627944075119,1,1
1049,9138356,17.4045,3049.2218502216674,549.7897908754895,15.471241631796957,318.03673807565974,1.2186565283025628,1,1
1051,7076477,6.17003,3069.1586976558538,550.1762064671673,13.346693273600637,289.11959963685837,0.9818886026500662,1,1
1054,7187556,9.45471,3023.7255860198306,538.9553433703069,23.268223753063225,452.6367570241643,1.7829152110984432,1,1
1058,7782596,6.40212,2992.2353209003777,539.0681991729967,21.546824802626602,409.98569008045,1.5541373257417905,1,1
1059,8412318,5.97651,3070.3927511470824,551.6026485748674,27.5842259414377,666.2083813922197,2.7660676439679217,1,2
1063,9452886,14.2823,2990.2045241818946,530.6235487103409,17.99034186814684,403.31524725245583,1.564925824953555,1,1
1067,10416589,13.1528,2967.003882710874,524.1611467717537,23.04576355343789,597.0221566384158,2.4826996412264064,1,1
1068,11669984,11.7661,2955.483722262112,535.0448161995201,22.03644984553872,471.3401597111465,1.8708218764479205,1,1
1070,9022492,7.31367,3071.810764981999,544.528036019932,13.796833492895475,366.84133827393913,1.38238094523284,1,1
1071,12026525,8.086,2990.603515943856,538.8973297665059,19.416971069875324,545.2396719607393,2.315789027727164,1,1
1073,12445995,13.2679,3118.8792184947324,559.3695025067268,1.8217077800441663,17.145784979288834,0,2,0
1074,10737980,10.9455,2989.192604775494,535.6465785583549,18.752549709279617,627.5487703624116,2.755241094755084,1,1
1075,8858755,9.5957,2971.2147830210365,531.8709035212298,24.960814506879736,637.6756866369141,2.654321743853228,1,1
1077,7845173,13.3077,3074.635278429476,546.8668259375021,13.763026044937117,295.8772714268951,1.1225025840245917,1,1
1078,10911006,8.45134,3023.194656399438,534.1605957111062,16.30529613944056,412.6871629338293,1.6052696687797592,1,1
1080,6091330,13.4921,3220.630752387896,568.4545985720498,0.5430220021880559,1.0529667675071759,0,2,0
1082,9667712,19.1045,2768.8372316792816,494.87740398001745,48.94969049553241,1472.0303468843938,6.8300361634354925,1,1
1084,8093600,5.05986,3202.522430751954,575.1789762429964,5.31149096528005,90.93489902466337,0.18399161952838142,1,1
1088,8253266,12.4257,3092.1069576532277,554.5917946443809,16.145504495651842,326.64018112000616,1.1387438677087574,1,1
1093,9541667,12.3523,3149.4354169648045,567.5197646584444,0.17898057629238706,1.0740954201211521,0,2,0
1095,5943937,18.6568,2783.9706232557455,475.1560354455784,0.6955382208111917,2.0178319846653197,0,1,0
1097,9359962,6.2083,3036.301459687251,546.448249173346,12.902491354352527,257.4282068640823,0.9509582560444493,1,1
1098,8229667,7.69134,3067.7377180828476,554.1663183693561,9.105902879910463,196.2732050608981,0.648563836157734,1,1
1099,10161940,13.3732,3178.9058422378534,568.6568248310941,40.476961637201676,1077.0809893019687,4.770794687173339,2,1
1100,9863399,12.5276,3125.9987896103285,557.1070976550767,3.2624823357835933,34.42427449759859,0,2,0
1104,6871189,3.88387,3119.2404914939557,566.5885390739904,0.4225466848339516,1.9132979010032285,0,2,0
1105,8278605,13.9509,3030.7698579629478,536.5322033808047,20.043497689685505,452.10258636888636,1.787660918906814,1,1
1108,10134629,11.3629,2878.15790511708,509.7097210912547,38.71197552656849,868.8598832313254,3.7138514561662395,1,1
1109,6809966,5.20044,3067.382846355812,551.995434204276,6.522719170976579,115.78270652875196,0.2147784144373575,1,1
1113,10923051,8.70698,3036.247188604577,532.4842543823903,32.671731917232144,939.4840013881291,4.13404137213564,1,2
1114,3704281,5.74307,3155.03222131607,560.1164184941136,1.5842452801740965,3.7425557981206476,0,2,0
1117,15209212,5.74307,3156.985845756417,561.0772903398954,0.4014471432527395,2.118092014370383,0,2,0
1118,11588771,12.892,3179.8688096411665,562.8721418839858,29.522615945432683,746.8912723590603,3.3729389442961164,2,1
1120,11695824,7.35715,3127.1781984331924,558.785705978695,5.700344166731602,103.50774088296178,0.2996608958717956,1,1
1125,12058526,4.96804,3127.089622507458,558.0484178201863,10.24945998311631,218.24049872850355,0.7691470880029668,1,1
1127,11662102,11.3309,3140.7906886726764,564.0031162810211,0.30868162575654245,0.9125902561198127,0,2,0
1129,6651044,8.60924,3128.6647208981744,563.5877882660355,0.3865288363161885,1.0289836715422962,0,2,0
1132,9884615,11.3431,3041.2403986393488,541.3219965010052,19.349723179303965,399.675842537322,1.5178248308375526,1,1
1133,6809059,9.16019,3099.897579978755,549.6041857712572,8.236416735529486,134.27984343869667,0.25866956419500997,1,1
1134,10083458,10.0232,3034.7590319684327,540.985557135366,19.386848041697842,450.7306974213032,1.8700349469484248,1,1
1135,7229369,9.60024,3122.1389596810905,562.0829034500091,0.2987076624787193,0.8627737850129292,0,2,0
1137,9717156,8.07204,3140.2356554720727,557.749191022429,0.37851658928878074,2.343060136099792,0,2,0
1141,9209181,4.78363,3082.875791129534,558.2159695725973,11.313239155665693,220.0237587880702,0.691693601843017,1,1
1142,13275633,7.31858,3165.793748609178,558.8753125685821,12.100079413721156,160.9909510053284,0.5082369090029877,2,0
1143,7463598,13.2412,3051.0911746678207,547.958240701875,11.250895058875065,222.49973733368736,0.676716161930114,1,1
1148,9742827,7.63123,3174.264326502919,568.3290425975371,0.24687050539099467,1.1043595176865855,0,2,0
1149,6343625,13.4374,3210.8536982830014,569.6212578119303,0.829254378279202,3.910654344766594,0,2,0
1153,8260725,13.94453012,3190.2298291913944,571.5127472674907,0.665376878627958,5.706048005020107,0,2,0
1154,10272861,11.69786649,2824.9312014153957,503.4589054576923,31.77147377108374,926.5458889322166,4.209231165229228,1,1
1156,9510382,12.05400572,3188.594075614772,566.0053052019971,29.307421747034663,652.5368761111387,2.8158671634290786,2,1
1158,9666850,11.7057512,2917.913084727473,519.3760857005558,31.55878070875891,914.3855623315364,4.116548216076434,1,1
1159,4823873,6.55231524,3063.584151062951,551.1279304970936,16.46573034615172,310.13370656896694,0.9774430915724565,1,1
1160,6187814,21.13589487,3209.654419762636,565.0803932671981,44.5040861706787,1128.0849479006797,4.6649632407765145,2,1
1161,10443948,9.83121367,3070.6128859457035,545.0199950742664,23.714350119329286,477.9083851538371,2.003969578610143,1,1
1163,7299106,12.96857198,3185.079321082026,572.5824715101936,0.687504188161159,4.63426744253809,0,2,0
1164,7592023,7.1735044,2978.630936659275,532.7900444522116,27.100952794760108,699.6312953580007,2.803005040684675,1,1
1166,12208198,13.77547358,3019.9563563521724,537.5674364383029,26.182976298106645,581.85359005199,2.4995272264953368,1,1
1168,7849611,9.27547049,2991.5621283143405,533.4385022789756,23.892177532643696,509.8781690168021,1.9775873580036665,1,1
1169,12444490,18.43914021,3134.7103956633973,563.0051095160717,0.6310305164604704,7.979241916364588,0,NA,NA
1171,9470533,12.81935569,3241.9823829341226,592.4123106932354,1.3466943412427883,6.27675146818931,0,3,0
1173,6236291,9.11031382,2985.0314063688484,531.9533408321023,26.21861745138596,617.0107044510048,2.378835982377897,1,1
1174,11098216,12.32770048,3164.403713720528,561.5828792087789,25.941923702545182,796.3126192882496,3.558679798613654,2,1
1175,8247508,14.98229924,3511.6771409346165,646.857650961987,0.8186314820675574,1.743312349478598,0,3,0
1176,9100812,12.87356492,2936.567798498136,527.3926095232508,30.07229537569525,885.1431085830267,3.8939758738575603,1,1
1178,8069012,6.33604255,3146.245449239617,557.9579841468426,17.510613796485583,269.455785522847,0.8779167751775964,2,0
1182,6640144,6.92088881,3043.6306100169754,544.2367936690908,17.04061772249749,336.64571283772233,1.0364994145153286,1,1
1187,7511329,15.36902184,2867.2874160359875,512.76927225605,0.2421806308385874,0.7233156115765901,0,1,0
1188,9346085,10.14864481,2930.2726040546645,526.1601112281916,30.044290660659797,855.1011293912595,3.772684633107029,1,1
1189,8855329,12.34355073,2855.583770446851,511.9979179531985,78.86092288435309,2217.3148458763435,10.48116175763252,1,2
1192,8930955,7.71199268,3199.977452765263,567.8978836067108,0.8206460904901093,5.035208776020246,0,2,0
1193,7474960,13.7302561,3002.5810949145985,530.1377969609035,54.32129353962175,1396.127458285679,6.388894612839929,1,2
1197,5938301,7.62913555,3186.4853491483586,575.3687930180021,1.1285152284564264,5.4114671751124055,0,2,0
1202,17927383,6.0494243,3048.109432461537,544.098229766774,18.32602018903127,465.11636371193885,2.082756530956977,1,1
1208,8652927,17.75642624,2785.165698990886,494.4420629036523,49.92088334423096,1236.4943914952676,5.4521515281505515,1,1
1209,6207056,14.46993875,2816.527839604431,504.6844502914943,53.50752359020754,1253.9328146048495,5.579531053731075,1,1
1210,8450791,13.26113446,2867.189457277294,512.7672650748502,46.9250947338849,974.660343509948,4.390768580380886,1,1
1212,4989465,7.43166314,3183.4558740290204,568.207673477618,0.8961079602379958,4.9624094031215575,0,2,0
1218,4689882,9.74086609,3408.069229195749,611.4501496944317,0.6125303521778375,3.6991262963249842,0,3,0
1222,10909597,15.81572961,2937.115951342946,517.5728354516663,30.248629522730305,861.834277257421,3.7848663140585446,1,1
1223,8596190,16.89684116,2871.416500896727,512.3362106824984,0.29721836952776587,1.8202828357397194,0,1,0
1224,8136183,9.5779827,3182.3151151600987,561.9791862455025,2.400607598008085,15.679818221970498,0,2,0
1226,8027717,14.56265143,3165.1513554672238,562.7787590402794,38.801251282934174,899.5773250287322,3.9171107882892344,2,1
1227,9487985,6.83697066,3036.0605033503753,544.3476797208822,14.849726544073516,406.61350691269143,1.7026261994953449,1,1
1229,8211056,21.44619825,3174.1637641550105,567.5195719244875,70.26405380323149,1831.168154855535,8.431759329541697,2,1
1230,7954164,5.90693971,3183.9615807217115,566.03307548737,1.6229386363951697,10.528564434957246,0,2,0
1231,9960710,16.6313442,3065.684144832327,539.2901474565346,1.8350064772901618,5.496882967328736,0,1,0
1232,6674581,11.39079388,3156.7552140679973,560.8224552451775,1.3424135869189484,8.497467312662247,0,2,0
1233,11200088,10.42070032,2941.8494122032866,521.6909890057536,46.80428404343241,911.5827435553118,4.144376739651535,1,1
1235,9922595,13.92558067,3168.3005779129367,563.7323690962618,0.3506599437500455,3.2978752326214535,0,2,0
1236,9043405,7.30366083,3159.3564794528393,567.288087210739,1.2700945185077168,13.081350788861005,0,2,0
1239,12785831,14.74613171,2775.6544861255766,493.1132641745377,50.75345422045071,1267.801639821021,5.9040285231148895,1,1
1240,14788298,14.74613171,2853.990448616776,508.24106378990183,40.90096518448813,1020.6390968509995,4.835046276900393,1,1
1243,8931132,6.47691729,3150.539489204483,568.7334529573421,15.844382505597258,333.12258532108507,1.304689547683058,1,2
1244,7278921,11.77759818,3004.0756476295437,534.3989863355007,28.438296072560235,623.2804171428699,2.4562488381872956,1,1
1245,9314196,10.490223780000001,3131.9062329637595,555.8511188014277,0.29646011710255565,0.7637278765609278,0,2,0
1246,6153351,19.18547787,2809.0523962023804,498.3367741627515,42.5059098993072,1151.1480890034015,4.947131592464256,1,1
1247,11599126,10.62755245,3392.50005264689,605.2558730861418,0.3376161620604753,2.8223261658504497,0,3,0
1249,8592695,6.93195821,3181.811949335899,557.044796849156,2.8870266704138,27.427635555835586,0,2,0
1250,8678233,12.70180641,2789.057241884277,494.3713556109426,42.880256729791874,1157.4193151626687,5.099964448278399,1,1
1251,8926736,7.8597463,2930.4124992199004,525.8684999767119,31.847847590537246,789.2682744940377,3.343106304905991,1,1
1258,10341542,7.22893783,3092.6221398036982,551.2201956903779,12.311793048550923,298.88209420517165,1.1278663152858783,1,1
1259,9719316,9.8393622,3171.4689097429246,572.3751776286412,0.4419655707916869,2.575142295551559,0,2,0
1260,5403768,21.08277768,2946.4891402537055,519.6128173913243,0.2758990340965965,1.164694047543006,0,1,0
1262,15081840,21.08277768,2910.644723985898,513.4902159787923,0.32970594398614855,3.3095493393033872,0,1,0
1266,11295855,11.66887901,3151.4178734486295,564.4328967063383,19.7865387658127,520.8476211035617,2.1161937899922587,2,1
1267,9530359,7.07046851,3219.2967800417346,574.6940920645349,0.31436954479200535,1.2747215397073328,0,2,0
1268,9509061,14.33902721,3166.5255602526418,566.4844180209396,38.25595800884125,868.2331427100899,3.8323719525231077,2,1
1270,7947020,18.45017925,2848.6860557769523,503.7192674321286,36.294380720698776,1056.780013721232,4.613456641715288,1,1
1271,6116496,15.96371205,3154.5314745460346,556.910242317672,0.5457805112900966,1.6990125900100583,0,2,0
1272,10946692,12.74103017,3155.9789219087334,562.3775430314321,0.3252709620915193,2.745530034442922,0,2,0
1274,7771432,11.78812889,2900.9099734708116,518.6353530876218,38.31747298464161,906.5384099462527,3.877695210284045,1,1
1275,8831761,8.55151408,3164.314686006706,565.7153760613195,0.39128857235460374,2.2501725607434406,0,NA,NA
1278,7734290,8.06845024,3156.3035100799316,560.6383528597438,1.009643754204508,4.005811684606041,0,2,0
1279,8192209,14.47229607,2840.175897674561,505.4218384940012,43.904410970464525,1109.7358544809572,4.94556823275159,1,1
1280,9550338,4.049429,3115.0580170006947,549.3427870789932,11.729707866443917,267.56784331051944,0.9659407756244182,1,1
1282,9897193,14.83465483,2927.4086098021,528.6695793594496,29.893191480791952,739.2238204881199,3.1662229002751605,1,1
1286,8419265,9.40103288,3354.749713744619,590.6740582511878,0.3956227792529699,1.8520877771473725,0,3,0
1288,7904800,17.6445338,3189.4425051528356,565.1713148838746,1.1567076553114122,6.680612099419876,0,2,0
1289,10649629,8.09007088,3153.3936344734725,558.6165068884713,0.27140181692086796,1.5309628485900926,0,2,0
1290,10174432,9.36993066,3374.9749162185226,606.4759181808942,0.46222452526846436,3.0707627759896385,0,3,0
1293,7621147,8.41618271,3170.3104406859215,556.1672131089485,0.7159519956248832,2.336759429004384,0,2,0
1294,7607722,13.55000689,3159.9712576062643,563.4075720171122,0.9604703771361224,5.329180710758576,0,2,0
1295,15604914,11.11936911,3102.27418827061,550.2656120082935,11.0214952803822,215.76701190738106,0.8038027984768418,2,0
1296,8328749,7.89979943,2906.701221041794,517.683089169514,22.81070587012136,565.0646752627665,2.2209588128922775,1,1
1298,11026059,14.11909018,2907.8810364986216,518.492816789972,35.301832180520414,945.9283154273498,4.189935423909618,1,1
1299,14147343,10.58043048,3119.04948746594,557.4483834129462,1.7864776089779424,19.468401288208938,0,2,0
